class,primary,met1,met2,met3,met4,patient,cancer_db,cosmic,muttype,gene,change,chromosome,start,stop,reference_base,alternate_base,tot_normal,alt_normal,tot_primary,alt_primary,tot_met1,alt_met1,tot_met2,alt_met2,tot_met3,alt_met3,tot_met4,alt_met4,vaf_primary,vaf_met1,vaf_met2,vaf_met3,vaf_met4,cna_primary,cna_met1,cna_met2,cna_met3,cna_met4
1,PRESENT,PRESENT,PRESENT,PRESENT,PRESENT,E,No,0,Silent,EXOSC10,-,1,11128702,11128702,C,T,240,0,307,101,310,124,380,145,276,112,279,131,0.33,0.4,0.38,0.41,0.47,"(1,1)","(1,1)","(1,1)","(1,1)","(1,1)"
1,PRESENT,PRESENT,PRESENT,PRESENT,PRESENT,E,Yes,0,Nonsense,ARID1A,p.Q1199*,1,27099361,27099361,C,T,195,0,253,86,320,145,317,130,297,115,272,128,0.34,0.45,0.41,0.39,0.47,"(1,1)","(1,1)","(1,1)","(1,1)","(1,1)"
1,PRESENT,PRESENT,PRESENT,PRESENT,PRESENT,E,No,0,Silent,CCDC24,-,1,44459562,44459562,C,T,130,0,164,53,205,87,191,95,142,54,171,82,0.32,0.42,0.5,0.38,0.48,"(1,1)","(1,1)","(1,1)","(1,1)","(1,1)"
1,PRESENT,PRESENT,PRESENT,PRESENT,PRESENT,E,No,0,Silent,DNAJC6,-,1,65852606,65852606,G,A,146,0,132,64,174,75,246,117,152,63,163,78,0.48,0.43,0.48,0.41,0.48,"(1,1)","(1,1)","(1,1)","(1,1)","(1,1)"
1,PRESENT,PRESENT,PRESENT,PRESENT,PRESENT,E,No,0,Missense,ZZZ3,p.I637V,1,78046751,78046751,T,C,215,0,248,82,282,115,365,146,256,111,316,134,0.33,0.41,0.4,0.43,0.42,"(1,1)","(1,1)","(1,1)","(1,1)","(1,1)"
1,PRESENT,PRESENT,PRESENT,PRESENT,PRESENT,E,No,0,Missense,LPPR5,p.D47H,1,99470089,99470089,C,G,99,0,144,57,166,75,171,78,162,80,171,71,0.4,0.45,0.46,0.49,0.42,"(1,1)","(1,1)","(1,1)","(1,1)","(1,1)"
1,PRESENT,PRESENT,PRESENT,PRESENT,PRESENT,E,Yes,530,Missense,NRAS,p.Q61K,1,115256530,115256530,G,T,420,0,474,176,572,254,614,234,513,199,526,251,0.37,0.44,0.38,0.39,0.48,"(1,1)","(1,1)","(1,1)","(1,1)","(1,1)"
1,PRESENT,PRESENT,PRESENT,PRESENT,PRESENT,E,No,0,Missense,PTPRC,p.R355S,1,198685924,198685924,C,A,157,0,157,57,202,82,274,100,191,90,204,96,0.36,0.41,0.36,0.47,0.47,"(1,1)","(1,1)","(1,1)","(1,1)","(1,1)"
1,PRESENT,PRESENT,PRESENT,PRESENT,PRESENT,E,No,0,Missense,TBCE,p.L259I,1,235599097,235599097,C,A,578,0,791,217,960,303,967,311,979,305,839,275,0.27,0.32,0.32,0.31,0.33,"(2,1)","(2,1)","(2,1)","(2,1)","(2,1)"
1,PRESENT,PRESENT,PRESENT,PRESENT,PRESENT,E,No,0,Silent,MYT1L,-,2,1893031,1893031,G,A,320,1,346,128,466,243,539,220,437,207,442,172,0.37,0.52,0.41,0.47,0.39,"(1,1)","(1,1)","(1,1)","(1,1)","(1,1)"
1,PRESENT,PRESENT,PRESENT,PRESENT,PRESENT,E,No,0,Nonsense,HADHA,p.G741*,2,26414190,26414190,C,A,406,2,483,169,647,281,635,245,504,218,478,199,0.35,0.43,0.39,0.43,0.42,"(1,1)","(1,1)","(1,1)","(1,1)","(1,1)"
1,PRESENT,PRESENT,PRESENT,PRESENT,PRESENT,E,No,0,Silent,PROM2,-,2,95941845,95941845,C,T,214,0,316,145,403,186,373,174,361,158,298,121,0.46,0.46,0.47,0.44,0.41,"(1,1)","(1,1)","(1,1)","(1,1)","(1,1)"
1,PRESENT,PRESENT,PRESENT,PRESENT,PRESENT,E,No,0,Missense,FSIP2,p.E75D,2,186603579,186603579,G,T,78,0,101,43,127,66,141,66,112,53,107,49,0.43,0.52,0.47,0.47,0.46,"(1,1)","(1,1)","(1,1)","(1,1)","(1,1)"
1,PRESENT,PRESENT,PRESENT,PRESENT,PRESENT,E,No,0,Missense,ERBB4,p.R1040G,2,212285183,212285183,T,C,133,0,134,2,153,74,206,90,167,72,179,83,0.01,0.48,0.44,0.43,0.46,"(1,1)","(1,1)","(1,1)","(1,1)","(1,1)"
1,PRESENT,PRESENT,PRESENT,PRESENT,PRESENT,E,No,0,Nonsense,DALRD3,p.E526*,3,49053077,49053077,C,A,353,1,454,169,609,255,603,257,485,213,442,213,0.37,0.42,0.43,0.44,0.48,"(1,1)","(1,1)","(1,1)","(1,1)","(1,1)"
1,PRESENT,PRESENT,PRESENT,PRESENT,PRESENT,E,No,0,Missense,CADPS,p.D380Y,3,62636587,62636587,C,A,327,0,327,116,547,207,786,266,404,159,639,194,0.35,0.38,0.34,0.39,0.3,"(1,1)","(1,1)","(2,1)","(1,1)","(2,1)"
1,PRESENT,PRESENT,PRESENT,PRESENT,PRESENT,E,No,0,Missense,MUC20,p.C3S,3,195447886,195447886,G,C,79,4,107,23,121,26,92,10,111,14,96,15,0.21,0.21,0.11,0.13,0.16,"(1,1)","(1,1)","(1,1)","(1.33, 1.00)","(1,1)"
1,PRESENT,PRESENT,PRESENT,PRESENT,PRESENT,E,No,0,Missense,SOWAHB,p.P707R,4,77816883,77816883,G,C,545,1,675,523,791,699,808,715,608,533,638,575,0.77,0.88,0.88,0.88,0.9,"(2,0)","(2,0)","(2,0)","(2,0)","(2,0)"
1,PRESENT,PRESENT,PRESENT,PRESENT,PRESENT,E,No,0,Silent,TRIM2,-,4,154191552,154191552,C,A,182,26,142,15,208,46,150,14,151,18,159,8,0.11,0.22,0.09,0.12,0.05,"(2,0)","(2,0)","(2,0)","(2,0)","(2,0)"
1,PRESENT,PRESENT,PRESENT,PRESENT,PRESENT,E,No,0,Missense,RAPGEF2,p.R595H,4,160259594,160259594,G,A,203,0,179,134,225,188,273,248,224,195,230,207,0.75,0.84,0.91,0.87,0.9,"(2,0)","(2,0)","(2,0)","(2,0)","(2,0)"
1,PRESENT,PRESENT,PRESENT,PRESENT,PRESENT,E,No,0,Missense,FBXL7,p.G269S,5,15936624,15936624,G,A,489,1,572,226,637,267,754,315,629,270,622,247,0.4,0.42,0.42,0.43,0.4,"(1,1)","(1,1)","(1,1)","(1,1)","(1,1)"
1,PRESENT,PRESENT,PRESENT,PRESENT,PRESENT,E,No,0,Missense,CDH9,p.L229F,5,26881707,26881707,C,A,210,0,186,72,280,118,280,110,239,112,326,144,0.39,0.42,0.39,0.47,0.44,"(1,1)","(1,1)","(1,1)","(1,1)","(1,1)"
1,PRESENT,PRESENT,PRESENT,PRESENT,PRESENT,E,No,0,Missense,UTP15,p.L484V,5,72875812,72875812,T,G,278,0,310,129,359,167,403,178,329,149,338,123,0.42,0.47,0.44,0.45,0.36,"(1,1)","(1,1)","(1,1)","(1,1)","(1,1)"
1,PRESENT,PRESENT,PRESENT,PRESENT,PRESENT,E,No,0,Silent,FBN2,-,5,127673762,127673762,C,G,95,0,128,36,134,69,145,66,140,52,129,60,0.28,0.51,0.46,0.37,0.47,"(1,1)","(1,1)","(1,1)","(1,1)","(1,1)"
1,PRESENT,PRESENT,PRESENT,PRESENT,PRESENT,E,No,0,Silent,SLC4A9,-,5,139742611,139742611,C,A,62,0,82,26,97,59,109,59,86,45,87,39,0.32,0.61,0.54,0.52,0.45,"(1,1)","(1,1)","(1,1)","(1,1)","(1,1)"
1,PRESENT,PRESENT,PRESENT,PRESENT,PRESENT,E,No,0,Silent,"GAT10",-,5,153760138,153760138,G,A,131,0,157,66,218,99,230,115,217,97,182,71,0.42,0.45,0.5,0.45,0.39,"(1,1)","(1,1)","(1,1)","(1,1)","(1,1)"
1,PRESENT,PRESENT,PRESENT,PRESENT,PRESENT,E,No,0,Silent,FOXQ1,-,6,1314088,1314088,G,A,54,0,124,38,168,48,145,42,114,51,122,43,0.31,0.29,0.29,0.45,0.35,"(2,1)","(2,1)","(2,1)","(2,1)","(2,1)"
1,PRESENT,PRESENT,PRESENT,PRESENT,PRESENT,E,No,0,Missense,FAM46A,p.A300V,6,82459899,82459899,G,A,271,0,213,133,208,166,228,184,184,145,230,179,0.62,0.8,0.81,0.79,0.78,"(1,0)","(1,0)","(1,0)","(1,0)","(1,0)"
1,PRESENT,PRESENT,PRESENT,PRESENT,PRESENT,E,No,0,Missense,COL10A1,p.F298L,6,116442387,116442387,A,G,302,0,197,128,205,166,277,217,211,175,236,195,0.65,0.81,0.78,0.83,0.83,"(1,0)","(1,0)","(1,0)","(1,0)","(1,0)"
1,PRESENT,PRESENT,PRESENT,PRESENT,PRESENT,E,No,0,Missense,BCLAF1,p.T167N,6,136582497,136582497,G,T,219,18,122,16,163,16,184,17,131,16,175,20,0.13,0.1,0.09,0.12,0.11,"(1,0)","(1,0)","(1,0)","(1,0)","(1,0)"
1,PRESENT,PRESENT,PRESENT,PRESENT,PRESENT,E,No,0,Silent,GUSB,-,7,65432802,65432802,G,C,186,0,194,67,259,110,219,93,205,94,189,63,0.35,0.42,0.42,0.46,0.33,"(1,1)","(1,1)","(1,1)","(1,1)","(1,1)"
1,PRESENT,PRESENT,PRESENT,PRESENT,PRESENT,E,No,0,Missense,RP1L1,p.R130W,8,10480324,10480324,G,A,105,0,170,80,198,86,198,90,175,65,152,67,0.47,0.43,0.45,0.37,0.44,"(1,1)","(1,1)","(1,1)","(1,1)","(1,1)"
1,PRESENT,PRESENT,PRESENT,PRESENT,PRESENT,E,No,0,Missense,SLC18A1,p.C382S,8,20007188,20007188,C,G,277,0,321,107,400,160,419,165,352,139,348,141,0.33,0.4,0.39,0.39,0.41,"(1,1)","(1,1)","(1,1)","(1,1)","(1,1)"
1,PRESENT,PRESENT,PRESENT,PRESENT,PRESENT,E,Yes,0,SpliceSiteCDS,NCOA2,-,8,71025880,71025880,T,C,144,0,155,52,198,84,184,82,149,50,143,49,0.34,0.42,0.45,0.34,0.34,"(1,1)","(1,1)","(1,1)","(1,1)","(1,1)"
1,PRESENT,PRESENT,PRESENT,PRESENT,PRESENT,E,No,0,Missense,FAM83A,p.F62L,8,124195282,124195282,C,G,74,0,114,44,111,33,126,49,80,33,87,39,0.39,0.3,0.39,0.41,0.45,"(1,1)","(1,1)","(1,1)","(1.00, 0.62)","(1,1)"
1,PRESENT,PRESENT,PRESENT,PRESENT,PRESENT,E,No,0,Missense,OC90,p.M11I,8,133067241,133067241,C,T,64,0,56,16,77,32,63,22,62,13,64,28,0.29,0.42,0.35,0.21,0.44,"(1,1)","(1,1)","(1,1)","(1.00, 0.62)","(1,1)"
1,PRESENT,PRESENT,PRESENT,PRESENT,PRESENT,E,No,0,Missense,TRAPPC9,p.K500N,8,141321469,141321469,C,A,118,0,153,2,166,57,167,60,129,32,140,68,0.01,0.34,0.36,0.25,0.49,"(1,1)","(1,1)","(1,1)","(1.00, 0.62)","(1,1)"
1,PRESENT,PRESENT,PRESENT,PRESENT,PRESENT,E,No,0,Missense,FAM83H,p.H449D,8,144810286,144810286,G,C,122,0,155,46,202,81,182,77,138,35,119,45,0.3,0.4,0.42,0.25,0.38,"(1,1)","(1,1)","(1,1)","(1.00, 0.62)","(1,1)"
1,PRESENT,PRESENT,PRESENT,PRESENT,PRESENT,E,No,0,Silent,EPPK1,-,8,144940777,144940777,G,C,209,13,234,35,279,20,314,35,169,15,235,22,0.15,0.07,0.11,0.09,0.09,"(1,1)","(1,1)","(1,1)","(1.00, 0.62)","(1,1)"
1,PRESENT,PRESENT,PRESENT,PRESENT,PRESENT,E,No,0,Missense,PTPRJ,p.F510L,11,48152181,48152181,T,C,144,0,84,59,123,95,117,91,122,104,104,83,0.7,0.77,0.78,0.85,0.8,,,,,
1,PRESENT,PRESENT,PRESENT,PRESENT,PRESENT,E,No,0,Missense,OR4P4,p.H54Q,11,55405995,55405995,C,A,1525,0,2073,532,2665,724,3140,901,2579,744,2719,785,0.26,0.27,0.29,0.29,0.29,,,,,
1,PRESENT,PRESENT,PRESENT,PRESENT,PRESENT,E,No,0,Missense,ACRV1,p.Q22H,11,125548179,125548179,C,G,212,0,207,76,260,112,256,119,234,107,231,86,0.37,0.43,0.46,0.46,0.37,"(1,0)","(1,0)","(1,0)","(1,0)","(1,0)"
1,PRESENT,PRESENT,PRESENT,PRESENT,PRESENT,E,No,0,Silent,EMG1,-,12,7080212,7080212,T,C,101,101,106,106,163,163,144,144,128,128,104,104,1,1,1,1,1,"(1,1)","(1,1)","(1,1)","(1,1)","(1,1)"
1,PRESENT,PRESENT,PRESENT,PRESENT,PRESENT,E,No,0,Missense,RERGL,p.C46F,12,18238603,18238603,C,A,305,2,275,95,322,107,401,152,313,108,360,127,0.35,0.33,0.38,0.35,0.35,"(1,1)","(1,1)","(1,1)","(1,1)","(1,1)"
1,PRESENT,PRESENT,PRESENT,PRESENT,PRESENT,E,No,0,Silent,KDM2B,-,12,121932424,121932424,G,A,185,0,219,65,227,101,213,99,260,97,162,69,0.3,0.44,0.46,0.37,0.43,"(1,1)","(1,1)","(1,1)","(1,1)","(1,1)"
1,PRESENT,PRESENT,PRESENT,PRESENT,PRESENT,E,No,0,Missense,MTUS2,p.E511Q,13,29600336,29600336,G,C,313,0,300,111,347,134,405,176,282,88,349,148,0.37,0.39,0.43,0.31,0.42,"(1,1)","(1,1)","(1,1)","(1.00, 0.64)","(1,1)"
1,PRESENT,PRESENT,PRESENT,PRESENT,PRESENT,E,No,0,Missense,NOVA1,p.G343R,14,26917662,26917662,C,T,122,0,81,49,97,74,117,86,66,53,80,60,0.6,0.76,0.74,0.8,0.75,"(1,0)","(1,0)","(1,0)","(1,0)","(1,0)"
1,PRESENT,PRESENT,PRESENT,PRESENT,PRESENT,E,No,0,Missense,EXD2,p.V19I,14,69676242,69676242,G,A,95,0,78,53,76,63,89,70,66,50,78,72,0.68,0.83,0.79,0.76,0.92,"(1,0)","(1,0)","(1,0)","(1,0)","(1,0)"
1,PRESENT,PRESENT,PRESENT,PRESENT,PRESENT,E,No,0,Missense,TRPM1,p.M916I,15,31323220,31323220,C,G,361,0,436,167,538,222,574,234,477,186,489,212,0.38,0.41,0.41,0.39,0.43,"(1,1)","(1,1)","(1,1)","(1,1)","(1,1)"
1,PRESENT,PRESENT,PRESENT,PRESENT,PRESENT,E,No,0,Silent,LACTB,-,15,63433599,63433599,A,C,424,0,411,6,506,223,538,237,491,223,449,220,0.01,0.44,0.44,0.45,0.49,"(1,1)","(1,1)","(1,1)","(1,1)","(1,1)"
1,PRESENT,PRESENT,PRESENT,PRESENT,PRESENT,E,No,0,Missense,MESDC1,p.Q256R,15,81295379,81295379,A,G,107,0,113,36,161,73,179,72,136,65,117,53,0.32,0.45,0.4,0.48,0.45,"(1,1)","(1,1)","(1,1)","(1,1)","(1,1)"
1,PRESENT,PRESENT,PRESENT,PRESENT,PRESENT,E,No,0,Missense,ISG20,p.E100G,15,89195411,89195411,A,G,175,0,241,83,262,112,311,139,272,99,234,92,0.34,0.43,0.45,0.36,0.39,"(1,1)","(1,1)","(1,1)","(1,1)","(1,1)"
1,PRESENT,PRESENT,PRESENT,PRESENT,PRESENT,E,No,0,Missense,MRPL28,p.R184Q,16,418526,418526,C,T,128,0,168,73,229,98,227,96,206,98,175,73,0.43,0.43,0.42,0.48,0.42,"(1,1)","(1,1)","(1,1)","(1,1)","(1,1)"
1,PRESENT,PRESENT,PRESENT,PRESENT,PRESENT,E,No,0,Silent,PTX4,-,16,1537558,1537558,G,A,82,0,75,1,101,54,120,47,74,30,65,29,0.01,0.53,0.39,0.41,0.45,"(1,1)","(1,1)","(1,1)","(1,1)","(1,1)"
1,PRESENT,PRESENT,PRESENT,PRESENT,PRESENT,E,No,0,Missense,ZNF629,p.D57E,16,30795478,30795478,G,C,196,0,235,74,307,125,315,135,274,114,210,102,0.31,0.41,0.43,0.42,0.49,"(1,1)","(1,1)","(1,1)","(1,1)","(1,1)"
1,PRESENT,PRESENT,PRESENT,PRESENT,PRESENT,E,No,0,Silent,ZNF267,-,16,31927691,31927691,G,A,116,0,93,38,153,63,198,80,118,49,166,78,0.41,0.41,0.4,0.42,0.47,"(1,1)","(1,1)","(1,1)","(1,1)","(1,1)"
1,PRESENT,PRESENT,PRESENT,PRESENT,PRESENT,E,No,0,Silent,MYO15A,-,17,18024313,18024313,C,T,164,0,289,129,309,149,265,108,232,96,168,77,0.45,0.48,0.41,0.41,0.46,"(1,1)","(1,1)","(1,1)","(1,1)","(1,1)"
1,PRESENT,PRESENT,PRESENT,PRESENT,PRESENT,E,No,0,Nonsense,UBE2O,p.E725*,17,74387542,74387542,C,A,126,0,227,67,259,111,318,139,263,117,184,76,0.3,0.43,0.44,0.44,0.41,"(1,1)","(1,1)","(1,1)","(1,1)","(1,1)"
1,PRESENT,PRESENT,PRESENT,PRESENT,PRESENT,E,No,0,Silent,SPPL2B,-,19,2353156,2353156,C,T,163,0,250,102,262,118,288,132,229,113,210,89,0.41,0.45,0.46,0.49,0.42,"(1,1)","(1,1)","(1,1)","(1,1)","(1,1)"
1,PRESENT,PRESENT,PRESENT,PRESENT,PRESENT,E,No,0,Silent,SBSN,-,19,36017654,36017654,C,T,543,0,630,244,759,339,794,352,767,343,596,270,0.39,0.45,0.44,0.45,0.45,"(1,1)","(1,1)","(1,1)","(1,1)","(1,1)"
1,PRESENT,PRESENT,PRESENT,PRESENT,PRESENT,E,No,0,Missense,MAP3K10,p.S508R,19,40715098,40715098,C,A,78,0,106,47,116,52,113,49,108,48,95,44,0.44,0.45,0.43,0.44,0.46,"(1,1)","(1,1)","(1,1)","(1,1)","(1,1)"
1,PRESENT,PRESENT,PRESENT,PRESENT,PRESENT,E,No,0,Missense,SHANK1,p.P566R,19,51171672,51171672,G,C,78,0,86,37,111,47,102,34,125,58,84,36,0.43,0.42,0.33,0.46,0.43,"(1,1)","(1,1)","(1,1)","(1,1)","(1,1)"
1,PRESENT,PRESENT,PRESENT,PRESENT,PRESENT,E,No,0,Missense,LILRA2,p.P420S,19,55088934,55088934,C,T,180,0,187,65,248,88,229,94,204,90,193,83,0.35,0.35,0.41,0.44,0.43,"(1,1)","(1,1)","(1,1)","(1,1)","(1,1)"
1,PRESENT,PRESENT,PRESENT,PRESENT,PRESENT,E,No,0,Missense,ZNF865,p.D209G,19,56125610,56125610,A,G,290,0,417,182,478,224,483,218,467,218,380,144,0.44,0.47,0.45,0.47,0.38,"(1,1)","(1,1)","(1,1)","(1,1)","(1,1)"
1,PRESENT,PRESENT,PRESENT,PRESENT,PRESENT,E,No,0,Missense,KCNQ2,p.D563E,20,62044877,62044877,G,T,241,0,535,157,483,212,481,209,421,193,368,161,0.29,0.44,0.43,0.46,0.44,"(2,1)","(1,1)","(1,1)","(1,1)","(1,1)"
1,PRESENT,PRESENT,PRESENT,PRESENT,PRESENT,E,No,0,Missense,RGS19,p.E83V,20,62705711,62705711,T,A,391,0,691,185,573,209,563,226,525,233,508,192,0.27,0.36,0.4,0.44,0.38,"(2,1)","(1,1)","(1,1)","(1,1)","(1,1)"
1,PRESENT,PRESENT,PRESENT,PRESENT,PRESENT,E,No,0,Silent,SLC5A1,-,22,32464539,32464539,C,G,203,0,218,90,315,145,321,138,287,103,254,117,0.41,0.46,0.43,0.36,0.46,"(1,1)","(1,1)","(1,1)","(1,1)","(1,1)"
1,PRESENT,PRESENT,PRESENT,PRESENT,PRESENT,E,No,0,Nonsense,GLRA4,p.E30*,X,102979940,102979940,C,A,86,1,80,70,112,100,127,115,118,103,105,86,0.88,0.89,0.91,0.87,0.82,,,,,
2,PRESENT,ABSENT,ABSENT,ABSENT,ABSENT,E,No,0,Missense,RNF148,p.G63A,7,122342617,122342617,C,G,1115,0,1057,289,1520,2,1708,0,1220,0,1498,0,0.27,0,0,0,0,"(1,1)","(1,1)","(1,1)","(1,1)","(1,1)"
2,PRESENT,ABSENT,ABSENT,ABSENT,ABSENT,E,No,0,Missense,ECI1,p.G18E,16,2301430,2301430,C,T,64,0,72,10,107,0,100,0,101,0,69,0,0.14,0,0,0,0,"(1,1)","(1,1)","(1,1)","(1,1)","(1,1)"
2,PRESENT,ABSENT,ABSENT,ABSENT,ABSENT,E,No,0,Missense,NCOA3,p.M584L,20,46264880,46264880,A,T,418,0,430,169,266,1,266,0,245,0,245,0,0.39,0,0,0,0,"(1,1)","(1,0)","(1,0)","(1,0)","(1,0)"
3,ABSENT,PRESENT,PRESENT,PRESENT,PRESENT,E,Yes,64,Missense,CTNNB1,p.S33P,3,41266100,41266100,T,C,373,0,461,1,463,238,349,275,437,194,296,245,0,0.51,0.79,0.44,0.83,"(1,1)","(1.00, 0.68)","(1.00, 0.08)","(1,1)","(1,0)"
3,ABSENT,PRESENT,PRESENT,PRESENT,PRESENT,E,No,0,Missense,RBM12B,p.P711R,8,94746507,94746507,G,C,182,0,216,0,209,73,235,101,155,85,179,76,0,0.35,0.43,0.55,0.42,"(1,1)","(1,1)","(1,1)","(1.00, 0.62)","(1,1)"
3,ABSENT,PRESENT,PRESENT,PRESENT,PRESENT,E,No,0,Missense,HILS1,p.Y133C,17,48249194,48249194,T,C,290,0,350,2,436,189,382,166,396,185,301,139,0.01,0.43,0.43,0.47,0.46,"(1,1)","(1,1)","(1,1)","(1,1)","(1,1)"
4,ABSENT,ABSENT,ABSENT,PRESENT,ABSENT,E,No,0,Silent,ORC1,-,1,52850393,52850393,C,A,69,0,97,0,99,0,99,0,102,12,74,0,0,0,0,0.12,0,"(1,1)","(1,1)","(1,1)","(1,1)","(1,1)"
4,ABSENT,ABSENT,ABSENT,PRESENT,ABSENT,E,No,0,Silent,ECM1,-,1,150482411,150482411,C,T,423,0,705,0,961,0,950,0,872,285,716,0,0,0,0,0.33,0,"(2,1)","(2,1)","(2,1)","(2,1)","(2,1)"
4,ABSENT,ABSENT,ABSENT,PRESENT,ABSENT,E,No,0,Missense,ARID4B,p.D97E,1,235416108,235416108,A,C,417,0,548,0,803,2,840,1,638,85,713,0,0,0,0,0.13,0,"(2,1)","(2,1)","(2,1)","(2,1)","(2,1)"
4,ABSENT,ABSENT,ABSENT,PRESENT,ABSENT,E,No,0,Silent,RAD51AP2,-,2,17696599,17696599,A,C,608,1,641,0,772,0,895,0,659,284,805,0,0,0,0,0.43,0,"(1,1)","(1,1)","(1,1)","(1,1)","(1,1)"
4,ABSENT,ABSENT,ABSENT,PRESENT,ABSENT,E,No,0,Missense,IL18R1,p.K411T,2,103011049,103011049,A,C,163,0,138,0,191,0,227,0,158,28,180,0,0,0,0,0.18,0,"(1,1)","(1,1)","(1,1)","(1,1)","(1,1)"
4,ABSENT,ABSENT,ABSENT,PRESENT,ABSENT,E,No,0,Missense,FRAS1,p.Y597D,4,79236858,79236858,T,G,279,0,245,0,346,0,403,0,324,41,345,0,0,0,0,0.13,0,"(2,0)","(2,0)","(2,0)","(2,0)","(2,0)"
4,ABSENT,ABSENT,ABSENT,PRESENT,ABSENT,E,No,0,Missense,FAM83B,p.Q572H,6,54805485,54805485,G,T,326,0,424,0,596,2,681,0,558,152,587,1,0,0,0,0.27,0,"(2,1)","(2,1)","(2,1)","(2,1)","(2,1)"
4,ABSENT,ABSENT,ABSENT,PRESENT,ABSENT,E,No,0,Missense,SCRN1,p.G236D,7,29980330,29980330,C,T,222,0,295,0,373,0,436,0,316,58,327,0,0,0,0,0.18,0,"(1,1)","(1,1)","(1,1)","(1,1)","(1,1)"
4,ABSENT,ABSENT,ABSENT,PRESENT,ABSENT,E,No,0,Missense,DUSP26,p.S20R,8,33454974,33454974,A,C,115,0,111,0,137,0,133,0,129,49,129,0,0,0,0,0.38,0,"(1,1)","(1,1)","(1,1)","(1,1)","(1,1)"
4,ABSENT,ABSENT,ABSENT,PRESENT,ABSENT,E,No,0,Missense,BNC2,p.R118K,9,16685604,16685604,C,T,106,0,50,0,70,0,99,0,87,17,61,0,0,0,0,0.2,0,"(1,0)","(1,0)","(1,0)","(1,0)","(1,0)"
4,ABSENT,ABSENT,ABSENT,PRESENT,ABSENT,E,No,0,Silent,ZIC2,-,13,100634897,100634897,A,G,95,0,147,0,165,0,170,0,97,36,134,0,0,0,0,0.37,0,"(1,1)","(1,1)","(1,1)","(1.00, 0.64)","(1,1)"
4,ABSENT,ABSENT,ABSENT,PRESENT,ABSENT,E,No,0,NonCoding,TCRBV20S1,-,16,2025101,2025101,T,C,237,0,307,0,354,0,378,0,340,43,315,0,0,0,0,0.13,0,"(1,1)","(1,1)","(1,1)","(1,1)","(1,1)"
4,ABSENT,ABSENT,ABSENT,PRESENT,ABSENT,E,No,0,Missense,SPATA20,p.G270S,17,48626794,48626794,G,A,150,0,234,0,260,0,300,0,212,75,242,0,0,0,0,0.35,0,"(1,1)","(1,1)","(1,1)","(1,1)","(1,1)"
4,ABSENT,ABSENT,ABSENT,PRESENT,ABSENT,E,No,0,Missense,SYNJ1,p.T534I,21,34045760,34045760,G,A,165,1,116,0,119,0,137,0,143,106,137,0,0,0,0,0.74,0,"(1,0)","(1,0)","(1,0)","(1,0)","(1,0)"
5,ABSENT,PRESENT,PRESENT,ABSENT,ABSENT,E,No,0,Missense,DYNC2H1,p.N40S,11,102980422,102980422,A,G,812,0,538,0,674,22,727,546,576,0,587,0,0,0.03,0.75,0,0,"(1,0)","(1,0)","(1,0)","(1,0)","(1,0)"
5,ABSENT,PRESENT,PRESENT,ABSENT,ABSENT,E,No,0,Missense,MLL4,p.G322V,19,36211214,36211214,G,T,78,0,56,0,89,1,96,30,91,0,82,0,0,0.01,0.31,0,0,"(1,1)","(1,1)","(1,1)","(1,1)","(1,1)"
5,ABSENT,PRESENT,PRESENT,ABSENT,ABSENT,E,No,0,Missense,ZNF829,p.W14C,19,37406815,37406815,C,A,692,1,669,0,995,17,678,110,938,0,738,0,0,0.02,0.16,0,0,"(1,1)","(1,1)","(1,1)","(1,1)","(1,1)"
6,ABSENT,ABSENT,ABSENT,ABSENT,PRESENT,E,No,0,Missense,ASPM,p.W3150R,1,197060168,197060168,A,G,173,0,154,0,221,1,245,0,163,0,262,107,0,0,0,0,0.41,"(1,1)","(1,1)","(1,1)","(1,1)","(1,1)"
6,ABSENT,ABSENT,ABSENT,ABSENT,PRESENT,E,No,0,Missense,KCNK1,p.K274N,1,233807087,233807087,A,C,167,0,154,0,211,0,266,1,186,0,234,105,0,0,0,0,0.45,"(1,1)","(1,1)","(1,1)","(1,1)","(1,1)"
6,ABSENT,ABSENT,ABSENT,ABSENT,PRESENT,E,No,0,Missense,ZNF619,p.Q131H,3,40528442,40528442,G,C,168,0,188,0,216,0,131,0,189,0,105,90,0,0,0,0,0.86,"(1,1)","(1.00, 0.68)","(1.00, 0.08)","(1,1)","(1,0)"
6,ABSENT,ABSENT,ABSENT,ABSENT,PRESENT,E,No,0,Missense,DSP,p.N487T,6,7569459,7569459,A,C,208,0,332,0,393,0,458,0,376,0,393,99,0,0,0,0,0.25,"(2,1)","(2,1)","(2,1)","(2,1)","(2,1)"
6,ABSENT,ABSENT,ABSENT,ABSENT,PRESENT,E,No,0,Silent,MUC16,-,19,9072482,9072482,A,G,338,0,356,0,460,1,476,0,473,0,379,179,0,0,0,0,0.47,"(1,1)","(1,1)","(1,1)","(1,1)","(1,1)"
N.A.,PRESENT,PRESENT,PRESENT,PRESENT,PRESENT,E,No,0,Missense,TMEM59,p.Q34K,1,54509078,54509078,G,T,31,2,26,5,27,1,34,2,30,1,19,2,0.19,0.04,0.06,0.03,0.11,"(1,1)","(1,1)","(1,1)","(1,1)","(1,1)"
N.A.,ABSENT,ABSENT,PRESENT,ABSENT,ABSENT,E,No,0,Silent,EPS8L3,-,1,110300163,110300163,G,A,508,0,637,0,751,0,835,275,692,0,674,0,0,0,0.33,0,0,"(1,1)","(1,1)","(1,1)","(1,1)","(1,1)"
N.A.,ABSENT,ABSENT,PRESENT,ABSENT,ABSENT,E,No,0,Missense,NUP210L,p.L58M,1,154127349,154127349,G,T,30,0,85,0,93,0,73,19,83,0,70,0,0,0,0.26,0,0,"(2,1)","(2,1)","(2,1)","(2,1)","(2,1)"
N.A.,ABSENT,ABSENT,PRESENT,PRESENT,ABSENT,E,No,0,Nonsense,NMNAT2,p.W100*,1,183253089,183253089,C,T,193,0,290,0,410,0,432,5,401,139,310,0,0,0,0.01,0.35,0,"(2,1)","(2.15, 1.00)","(2,1)","(2,1)","(2,1)"
N.A.,ABSENT,PRESENT,ABSENT,ABSENT,ABSENT,E,No,0,Missense,TMEM183A,p.G127W,1,202984028,202984028,G,T,10,0,12,0,21,4,24,0,12,0,19,0,0,0.19,0,0,0,"(2,1)","(2,1)","(2,1)","(2,1)","(2,1)"
N.A.,ABSENT,ABSENT,ABSENT,ABSENT,PRESENT,E,No,0,Nonsense,ZNF678,p.S166*,1,227842448,227842448,C,A,24,0,19,0,14,0,12,0,23,0,14,4,0,0,0,0,0.29,"(1,0)","(1,0)","(1,0)","(1,0)","(1,0)"
N.A.,PRESENT,PRESENT,PRESENT,PRESENT,PRESENT,E,No,0,Missense,OR2L8,p.R134C,1,248112559,248112559,C,T,65,0,46,18,59,8,70,26,53,17,82,30,0.39,0.14,0.37,0.32,0.37,"(2,1)","(1,1)","(2,1)","(1,1)","(1,1)"
N.A.,PRESENT,PRESENT,PRESENT,PRESENT,PRESENT,E,No,0,Missense,OR2M2,p.N294K,1,248344169,248344169,C,A,33,0,18,7,33,9,28,6,36,17,20,10,0.39,0.27,0.21,0.47,0.5,"(2,1)","(1,1)","(2,1)","(1,1)","(1,1)"
N.A.,ABSENT,PRESENT,ABSENT,ABSENT,ABSENT,E,No,0,Missense,TTN,p.S2623T,2,179636187,179636187,A,T,13,0,18,0,23,4,22,0,20,0,25,0,0,0.17,0,0,0,"(1,1)","(1,1)","(1,1)","(1,1)","(1,1)"
N.A.,ABSENT,ABSENT,ABSENT,PRESENT,ABSENT,E,No,0,Missense,TTC21A,p.A765P,3,39171802,39171802,G,C,41,0,70,0,71,0,44,0,69,29,41,0,0,0,0,0.42,0,"(1,1)","(1.00, 0.68)","(1.00, 0.08)","(1,1)","(1,0)"
N.A.,ABSENT,ABSENT,ABSENT,PRESENT,ABSENT,E,No,0,Missense,TGM4,p.N49K,3,44926944,44926944,C,A,19,0,28,0,32,0,39,0,21,4,34,0,0,0,0,0.19,0,"(1,1)","(1,1)","(1,1)","(1,1)","(1,1)"
N.A.,ABSENT,ABSENT,ABSENT,PRESENT,ABSENT,E,No,0,Missense,CADPS,p.D16Y,3,62464069,62464069,C,A,8,0,4,0,9,0,13,0,12,4,13,0,0,0,0,0.33,0,"(1,1)","(1,1)","(2,1)","(1,1)","(2,1)"
N.A.,PRESENT,PRESENT,PRESENT,PRESENT,PRESENT,E,No,0,Silent,ERCC8,-,5,60170496,60170496,T,C,40,0,24,11,30,16,42,24,27,12,30,10,0.46,0.53,0.57,0.44,0.33,"(1,1)","(1,1)","(1,1)","(1,1)","(1,1)"
N.A.,PRESENT,PRESENT,PRESENT,PRESENT,PRESENT,E,No,0,Missense,TCERG1,p.P502A,5,145851105,145851105,C,G,24,0,29,11,60,29,45,20,31,15,44,16,0.38,0.48,0.44,0.48,0.36,"(1,1)","(1,1)","(1,1)","(1,1)","(1,1)"
N.A.,PRESENT,PRESENT,PRESENT,PRESENT,PRESENT,E,No,0,Missense,ATP10B,p.K158E,5,160097673,160097673,T,C,10,0,5,1,11,8,17,9,7,5,14,5,0.2,0.73,0.53,0.71,0.36,"(1,1)","(1,1)","(1,1)","(1,1)","(1,1)"
N.A.,PRESENT,PRESENT,PRESENT,PRESENT,PRESENT,E,No,0,Missense,SLC17A2,p.F394L,6,25915758,25915758,A,G,11,0,20,7,23,12,15,7,23,6,31,9,0.35,0.52,0.47,0.26,0.29,"(2,1)","(2,1)","(1,1)","(2,1)","(2,1)"
N.A.,ABSENT,PRESENT,PRESENT,PRESENT,PRESENT,E,No,0,Missense,AKD1,p.V295F,6,109850201,109850201,C,A,95,3,17,0,33,21,52,36,25,17,30,15,0,0.64,0.69,0.68,0.5,"(1,0)","(1,0)","(1,0)","(1,0)","(1,0)"
N.A.,ABSENT,PRESENT,ABSENT,PRESENT,PRESENT,E,No,0,SpliceSiteCDS,TRIL,-,7,28997498,28997498,C,G,6,0,11,0,30,6,8,0,8,1,10,0,0,0.2,0,0.12,0,"(1,1)","(1,1)","(1,1)","(1,1)","(1,1)"
N.A.,ABSENT,PRESENT,ABSENT,ABSENT,ABSENT,E,No,0,Missense,PTPN12,p.C231W,7,77230121,77230121,C,G,131,0,103,0,124,13,146,1,112,0,118,0,0,0.1,0.01,0,0,"(1,1)","(1,1)","(1,1)","(1,1)","(1,1)"
N.A.,PRESENT,PRESENT,PRESENT,PRESENT,PRESENT,E,No,0,Missense,FZD1,p.A28S,7,90894277,90894277,G,T,20,0,30,14,37,20,43,16,32,11,37,17,0.47,0.54,0.37,0.34,0.46,"(1,1)","(1,1)","(1,1)","(1,1)","(1,1)"
N.A.,ABSENT,ABSENT,PRESENT,ABSENT,ABSENT,E,No,0,Missense,GFI1B,p.C281S,9,135866285,135866285,T,A,46,0,41,0,24,0,27,4,16,0,11,0,0,0,0.15,0,0,"(1,0)","(1,0)","(1,0)","(1,0)","(1,0)"
N.A.,ABSENT,ABSENT,ABSENT,ABSENT,PRESENT,E,No,0,Missense,COBRA1,p.E98V,9,140150807,140150807,A,T,67,0,44,0,58,0,33,0,47,0,33,4,0,0,0,0,0.12,"(1,0)","(1,0)","(1,0)","(1,0)","(1,0)"
N.A.,PRESENT,ABSENT,ABSENT,ABSENT,ABSENT,E,No,0,Nonsense,AKR1C3,p.G62*,10,5138701,5138701,G,T,50,0,21,4,20,0,38,0,36,0,44,0,0.19,0,0,0,0,"(1,0)","(1,0)","(1,0)","(1,0)","(1,0)"
N.A.,ABSENT,PRESENT,ABSENT,PRESENT,ABSENT,E,No,0,Missense,RTKN2,p.E108K,10,63976918,63976918,C,T,208,10,34,0,37,10,42,0,26,7,51,0,0,0.27,0,0.27,0,"(1,0)","(1,0)","(1,0)","(1,0)","(1,0)"
N.A.,PRESENT,ABSENT,ABSENT,ABSENT,ABSENT,E,No,0,Missense,PCGF6,p.V29A,10,105110738,105110738,A,G,34,0,24,5,26,0,17,0,18,0,20,0,0.21,0,0,0,0,"(1,0)","(1,0)","(1,0)","(1,0)","(1,0)"
N.A.,PRESENT,ABSENT,ABSENT,PRESENT,ABSENT,E,No,0,Missense,CPXM2,p.V383L,10,125528194,125528194,C,G,118,7,60,12,64,0,84,0,58,1,67,0,0.2,0,0,0.02,0,"(1,0)","(1,0)","(1,0)","(1,0)","(1,0)"
N.A.,PRESENT,ABSENT,ABSENT,ABSENT,PRESENT,E,No,0,Missense,OR4X1,p.F191S,11,48285984,48285984,T,C,14,0,32,14,7,0,13,0,14,0,23,5,0.44,0,0,0,0.22,,,,,
N.A.,PRESENT,PRESENT,PRESENT,PRESENT,PRESENT,E,No,0,Missense,RPLP0P2,p.K38N,11,61404265,61404265,G,T,32,0,73,15,80,27,88,35,84,26,73,24,0.21,0.34,0.4,0.31,0.33,"(2,1)","(2,1)","(2,1)","(2,1)","(2,1)"
N.A.,ABSENT,ABSENT,PRESENT,ABSENT,ABSENT,E,No,0,Missense,CHRDL2,p.L159M,11,74414473,74414473,A,T,48,0,64,0,74,0,78,33,72,0,69,0,0,0,0.42,0,0,"(1,1)","(1,1)","(1,1)","(1,1)","(1,1)"
N.A.,PRESENT,PRESENT,PRESENT,PRESENT,PRESENT,E,No,0,Silent,B3GNT6,-,11,76751585,76751585,T,C,16,16,8,7,15,15,8,7,5,5,10,10,0.88,1,0.88,1,1,"(1,1)","(1,1)","(1,1)","(1,1)","(1,1)"
N.A.,ABSENT,PRESENT,PRESENT,ABSENT,PRESENT,E,Yes,0,Silent,MAML2,-,11,95825383,95825383,C,T,18,0,37,0,50,13,50,9,37,0,51,18,0,0.26,0.18,0,0.35,,,,,
N.A.,ABSENT,PRESENT,ABSENT,ABSENT,ABSENT,E,No,0,Missense,SORL1,p.D413E,11,121391393,121391393,C,A,23,0,16,0,27,4,36,0,17,0,32,0,0,0.15,0,0,0,"(1,0)","(1,0)","(1,0)","(1,0)","(1,0)"
N.A.,ABSENT,ABSENT,PRESENT,ABSENT,ABSENT,E,No,0,Missense,SDS,p.A23V,12,113837446,113837446,G,A,14,0,25,0,26,0,32,4,32,0,25,0,0,0,0.12,0,0,"(1,1)","(1,1)","(1,1)","(1,1)","(1,1)"
N.A.,PRESENT,PRESENT,PRESENT,PRESENT,PRESENT,E,No,0,Missense,PSPC1,p.M492V,13,20277413,20277413,T,C,19,1,30,4,30,2,43,3,25,2,30,5,0.13,0.07,0.07,0.08,0.17,"(1,1)","(1,1)","(1,1)","(1.00, 0.64)","(1,1)"
N.A.,ABSENT,ABSENT,ABSENT,PRESENT,PRESENT,E,No,0,Silent,ZIC2,-,13,100637729,100637729,T,A,23,1,27,0,30,0,34,0,31,5,33,1,0,0,0,0.16,0.03,"(1,1)","(1,1)","(1,1)","(1.00, 0.64)","(1,1)"
N.A.,PRESENT,PRESENT,PRESENT,PRESENT,PRESENT,E,No,0,Missense,BC153822,p.L6P,14,23574113,23574113,A,G,62,5,26,11,18,10,39,18,33,11,15,5,0.42,0.56,0.46,0.33,0.33,"(1,0)","(1,0)","(1,0)","(1,0)","(1,0)"
N.A.,PRESENT,ABSENT,ABSENT,ABSENT,ABSENT,E,No,0,Missense,ALPK3,p.R169Q,15,85360583,85360583,G,A,7,0,26,4,21,0,28,0,15,0,16,0,0.15,0,0,0,0,"(1,1)","(1,1)","(1,1)","(1,1)","(1,1)"
N.A.,ABSENT,PRESENT,ABSENT,ABSENT,PRESENT,E,No,0,Intron,PHKG2,-,16,30768499,30768499,C,G,11,0,21,0,73,47,24,0,20,0,61,35,0,0.64,0,0,0.57,"(1,1)","(1,1)","(1,1)","(1,1)","(1,1)"
N.A.,ABSENT,PRESENT,PRESENT,PRESENT,PRESENT,E,No,0,Missense,SLC6A10P,p.K83E,16,32890639,32890639,T,C,18,1,18,0,18,1,21,2,19,4,13,1,0,0.06,0.1,0.21,0.08,"(1,1)","(1,1)","(1,1)","(1,1)","(1,1)"
N.A.,PRESENT,PRESENT,PRESENT,PRESENT,ABSENT,E,No,0,Missense,CLEC18B,p.T173A,16,74447514,74447514,T,C,6,0,8,4,6,2,8,3,7,2,6,0,0.5,0.33,0.38,0.29,0,"(1,0)","(1,0)","(1,0)","(1,0)","(1,0)"
N.A.,PRESENT,PRESENT,PRESENT,PRESENT,PRESENT,E,No,0,Missense,MAP1LC3B,p.Y113C,16,87436663,87436663,A,G,33,2,22,2,30,4,29,7,27,7,9,2,0.09,0.13,0.24,0.26,0.22,"(1,0)","(1,0)","(1,0)","(1,0)","(1,0)"
N.A.,PRESENT,PRESENT,PRESENT,PRESENT,PRESENT,E,No,0,Missense,SLC7A5,p.I50L,16,87902881,87902881,T,G,22,0,26,15,27,25,12,11,22,20,21,17,0.58,0.93,0.92,0.91,0.81,"(1,0)","(1,0)","(1,0)","(1,0)","(1,0)"
N.A.,PRESENT,ABSENT,ABSENT,ABSENT,ABSENT,E,No,0,Missense,TMIGD2,p.W163L,19,4292608,4292608,C,A,22,0,23,4,28,0,25,0,21,0,24,0,0.17,0,0,0,0,"(1,1)","(1,1)","(1,1)","(1,1)","(1,1)"
N.A.,ABSENT,PRESENT,ABSENT,PRESENT,ABSENT,E,No,0,Missense,FLJ22184,p.P755H,19,7935863,7935863,G,T,23,0,23,0,39,5,29,0,37,6,16,0,0,0.13,0,0.16,0,"(1,1)","(1,1)","(1,1)","(1,1)","(1,1)"
N.A.,PRESENT,ABSENT,ABSENT,ABSENT,ABSENT,E,No,0,SpliceSiteCDS,UNC13A,-,19,17786820,17786820,C,A,22,0,22,4,22,0,28,0,24,0,14,0,0.18,0,0,0,0,"(1,1)","(1,1)","(1,1)","(1,1)","(1,1)"
N.A.,ABSENT,ABSENT,PRESENT,ABSENT,PRESENT,E,No,0,Missense,PSG3,p.R114L,19,43242965,43242965,C,A,23,0,14,0,23,0,25,1,13,0,17,4,0,0,0.04,0,0.24,"(1,1)","(1,1)","(1,1)","(1,1)","(1,1)"
N.A.,ABSENT,PRESENT,PRESENT,ABSENT,PRESENT,E,No,0,Silent,SIM2,-,21,38081730,38081730,T,G,254,0,199,0,215,23,246,188,219,0,126,91,0,0.11,0.76,0,0.72,"(1,0)","(1,0)","(1,0)","(1,0)","(1,0)"
N.A.,ABSENT,ABSENT,PRESENT,ABSENT,ABSENT,E,No,0,Silent,AIFM3,-,22,21330707,21330707,C,T,225,0,292,0,332,0,346,110,331,0,264,0,0,0,0.32,0,0,"(1,1)","(1,1)","(1,1)","(1,1)","(1,1)"
N.A.,PRESENT,ABSENT,PRESENT,PRESENT,PRESENT,E,No,1,Missense,RFPL3,p.R251C,22,32756703,32756703,C,T,25,2,24,4,38,0,28,1,28,1,31,7,0.17,0,0.04,0.04,0.23,"(1,1)","(1,1)","(1,1)","(1,1)","(1,1)"
N.A.,PRESENT,ABSENT,ABSENT,ABSENT,ABSENT,E,No,0,Missense,PPP1R3F,p.L469M,X,49142557,49142557,C,A,29,0,34,4,31,0,44,0,31,0,21,0,0.12,0,0,0,0,,,,,
N.A.,PRESENT,PRESENT,PRESENT,PRESENT,ABSENT,E,No,0,Silent,NUDT10,-,X,51075901,51075901,G,A,17,1,14,2,18,2,27,5,23,1,23,0,0.14,0.11,0.19,0.04,0,,,,,
N.A.,ABSENT,ABSENT,PRESENT,ABSENT,ABSENT,E,No,0,Missense,XPNPEP2,p.A241V,X,128884528,128884528,C,T,18,0,29,0,32,0,30,4,26,0,42,0,0,0,0.13,0,0,,,,,
